,City,Lat,Lng,Max Temp,Humidity,Cloudiness,Wind Speed,Country,Date
0,avarua,-21.21,-159.78,24.0,60,35,4.1,CK,1592618792
1,yumen,40.28,97.2,26.8,17,100,3.98,CN,1592618792
2,ushuaia,-54.8,-68.3,3.0,93,40,2.1,AR,1592618675
3,uarini,-2.99,-65.11,23.42,97,100,0.74,BR,1592618792
4,punta arenas,-53.15,-70.92,2.0,93,92,6.7,CL,1592618635
5,port elizabeth,-33.92,25.57,18.0,34,0,3.6,ZA,1592618792
6,mahebourg,-20.41,57.7,22.0,68,40,6.7,MU,1592618503
7,castro,-24.79,-50.01,14.56,93,23,2.47,BR,1592618793
8,saskylakh,71.92,114.08,26.91,28,51,3.34,RU,1592618793
9,shimoda,34.67,138.95,24.0,69,75,2.6,JP,1592618793
10,kavieng,-2.57,150.8,29.62,70,22,3.28,PG,1592618793
11,barra patuca,15.8,-84.28,26.88,85,8,4.59,HN,1592618794
12,butaritari,3.07,172.79,27.02,84,100,7.6,KI,1592618794
13,chokurdakh,70.63,147.92,32.53,18,81,5.38,RU,1592618795
14,lavrentiya,65.58,-171.0,13.41,39,0,6.86,RU,1592618795
15,mao,39.89,4.27,18.0,88,0,2.6,ES,1592618795
16,norman wells,65.28,-126.83,26.0,36,75,2.1,CA,1592618795
17,kirakira,-10.45,161.92,28.36,76,63,5.14,SB,1592618795
18,georgetown,5.41,100.34,26.0,94,40,2.1,MY,1592618782
19,salalah,17.02,54.09,28.0,88,20,1.5,OM,1592618795
20,husavik,66.04,-17.34,8.0,87,90,3.6,IS,1592618796
21,kloulklubed,7.04,134.26,30.0,74,75,3.1,PW,1592618796
22,zarinsk,53.71,84.95,11.23,83,100,2.82,RU,1592618796
23,taltal,-25.4,-70.48,13.88,74,11,2.14,CL,1592618797
24,longyearbyen,78.22,15.64,5.0,75,20,3.6,SJ,1592618797
25,batagay,67.63,134.63,33.09,20,1,0.64,RU,1592618797
26,rikitea,-23.12,-134.97,24.12,80,100,8.34,PF,1592618797
27,muroto,33.28,134.15,24.0,60,75,5.1,JP,1592618798
28,kologriv,58.83,44.32,13.54,94,84,4.36,RU,1592618798
29,mayo,38.89,-76.51,23.33,78,75,5.1,US,1592618798
30,mahina,-17.51,-149.49,29.0,70,75,5.1,PF,1592618798
31,westport,41.14,-73.36,22.0,78,20,3.6,US,1592618644
32,new norfolk,-42.78,147.06,12.22,79,89,1.41,AU,1592618799
33,marzuq,14.4,46.47,27.97,26,2,1.77,YE,1592618799
34,aberdeen,57.14,-2.1,12.78,100,90,1.0,GB,1592618517
35,mataura,-46.19,168.86,8.55,77,83,0.54,NZ,1592618799
36,port moresby,-9.44,147.18,29.0,74,40,10.3,PG,1592618799
37,neryungri,56.67,124.65,16.64,46,100,3.14,RU,1592618800
38,provideniya,64.38,-173.3,15.27,40,13,2.85,RU,1592618800
39,jamestown,42.1,-79.24,19.0,93,40,0.65,US,1592618800
40,albany,42.6,-73.97,27.0,51,75,4.1,US,1592618555
41,katsuura,35.13,140.3,28.33,68,55,2.68,JP,1592618800
42,lively,46.43,-81.15,23.0,53,5,3.1,CA,1592618521
43,port-gentil,-0.72,8.78,23.12,87,82,3.05,GA,1592618801
44,nanortalik,60.14,-45.24,3.71,92,100,5.13,GL,1592618801
45,tiksi,71.69,128.87,19.44,36,0,2.82,RU,1592618801
46,comodoro rivadavia,-45.87,-67.5,11.0,40,81,15.4,AR,1592618660
47,bathsheba,13.22,-59.52,26.0,88,75,6.7,BB,1592618801
48,laguna,38.42,-121.42,34.0,23,1,4.6,US,1592618802
49,manuk mangkaw,4.8,119.85,29.7,63,100,1.81,PH,1592618802
50,yershichi,53.67,32.75,16.4,95,5,2.0,RU,1592618802
51,lahaina,20.88,-156.68,29.0,54,40,8.2,US,1592618802
52,khatanga,71.97,102.5,14.25,57,100,4.24,RU,1592618803
53,talnakh,69.49,88.4,7.0,93,75,7.0,RU,1592618803
54,safaga,26.73,33.94,27.0,39,0,8.7,EG,1592618803
55,hobart,-42.88,147.33,12.22,81,75,2.1,AU,1592618751
56,port alfred,-33.59,26.89,20.56,34,0,5.36,ZA,1592618803
57,duki,30.15,68.57,29.14,29,0,2.07,PK,1592618804
58,uray,60.12,64.78,12.65,54,100,4.87,RU,1592618804
59,bengkulu,-3.8,102.27,27.11,71,44,0.45,ID,1592618804
60,avera,33.19,-82.53,24.0,83,40,2.23,US,1592618534
61,srandakan,-7.94,110.25,28.25,73,38,5.42,ID,1592618805
62,cape town,-33.93,18.42,16.11,93,75,2.1,ZA,1592618587
63,staryy nadym,65.61,72.68,9.65,54,55,4.48,RU,1592618805
64,busselton,-33.65,115.33,13.33,58,0,5.22,AU,1592618514
65,ukiah,39.15,-123.21,35.0,13,1,3.1,US,1592618624
66,vaini,-21.2,-175.2,25.0,73,75,6.7,TO,1592618806
67,singaparna,-7.35,108.11,24.44,83,84,1.55,ID,1592618806
68,beidao,34.57,105.89,22.2,60,98,2.07,CN,1592618806
69,hithadhoo,-0.6,73.08,28.38,74,100,6.51,MV,1592618806
70,riyadh,24.69,46.72,25.0,23,54,1.5,SA,1592618555
71,asau,46.43,26.4,16.67,85,89,2.46,RO,1592618807
72,barrow,71.29,-156.79,5.0,75,1,3.1,US,1592618807
73,shangrao,28.45,117.97,28.32,79,31,1.15,CN,1592618807
74,vandra,58.65,25.04,17.78,94,100,0.45,EE,1592618808
75,tasiilaq,65.61,-37.64,3.71,86,100,2.08,GL,1592618808
76,natal,-5.79,-35.21,24.0,94,75,4.1,BR,1592618659
77,ancud,-41.87,-73.82,8.89,93,75,3.6,CL,1592618808
78,san juan de colon,8.03,-72.26,20.48,84,97,2.19,VE,1592618808
79,tuatapere,-46.13,167.68,10.56,72,48,0.9,NZ,1592618808
80,sistranda,63.73,8.83,16.0,82,77,3.6,NO,1592618809
81,bredasdorp,-34.53,20.04,11.0,93,34,2.75,ZA,1592618809
82,tautira,-17.73,-149.15,29.0,70,75,5.1,PF,1592618809
83,havre-saint-pierre,50.23,-63.6,11.0,93,90,6.7,CA,1592618810
84,aykhal,66.0,111.5,21.34,39,0,5.39,RU,1592618810
85,dingle,11.0,122.67,30.29,65,13,3.2,PH,1592618810
86,nicoya,10.15,-85.45,25.0,88,100,1.18,CR,1592618810
87,cabo san lucas,22.89,-109.91,34.0,18,5,4.1,MX,1592618621
88,santander,43.46,-3.8,15.56,87,0,1.45,ES,1592618742
89,prattville,32.46,-86.46,28.0,83,1,1.5,US,1592618811
90,san lawrenz,36.06,14.2,22.0,88,20,5.1,MT,1592618811
91,bluff,-46.6,168.33,8.45,78,94,5.02,NZ,1592618811
92,chuy,-33.7,-53.46,12.47,92,97,2.91,UY,1592618811
93,tuktoyaktuk,69.45,-133.04,8.0,75,90,5.1,CA,1592618812
94,kasongo,-4.45,26.67,21.72,65,52,0.87,CD,1592618812
95,ballina,-28.87,153.57,18.89,72,90,3.6,AU,1592618812
96,cidreira,-30.18,-50.21,18.7,93,89,2.78,BR,1592618812
97,srednekolymsk,67.45,153.68,30.99,20,74,6.21,RU,1592618812
98,caravelas,-17.71,-39.25,22.35,89,16,2.29,BR,1592618812
99,mar del plata,-38.0,-57.56,13.33,93,0,4.1,AR,1592618698
100,qaanaaq,77.48,-69.36,1.63,82,100,0.85,GL,1592618813
101,rumonge,-3.97,29.44,21.2,69,39,1.48,BI,1592618813
102,guerrero negro,27.98,-114.06,18.7,75,0,8.37,MX,1592618813
103,kodiak,57.79,-152.41,12.0,71,75,5.7,US,1592618814
104,cururupu,-1.83,-44.87,23.37,96,1,1.32,BR,1592618814
105,kaka,37.35,59.61,26.89,16,0,3.76,TM,1592618814
106,upernavik,72.79,-56.15,4.09,72,34,3.17,GL,1592618814
107,ribeira grande,38.52,-28.7,18.28,87,97,7.74,PT,1592618814
108,constitucion,-35.33,-72.42,12.1,93,96,2.88,CL,1592618815
109,lasa,46.62,10.7,8.0,81,40,3.6,IT,1592618815
110,churapcha,62.0,132.43,24.29,43,64,1.17,RU,1592618815
111,sitka,57.05,-135.33,13.0,93,90,1.5,US,1592618815
112,arraial do cabo,-22.97,-42.03,22.42,82,0,4.59,BR,1592618816
113,porto novo,6.5,2.6,24.74,89,100,2.49,BJ,1592618531
114,salinopolis,-0.61,-47.36,25.74,87,51,4.8,BR,1592618816
115,yellowknife,62.46,-114.35,24.0,23,20,6.2,CA,1592618805
116,lulea,65.58,22.15,14.0,62,29,2.1,SE,1592618816
117,portland,45.52,-122.68,29.0,32,90,2.1,US,1592618757
118,cherskiy,68.75,161.3,28.07,25,5,2.82,RU,1592618817
119,bambous virieux,-20.34,57.76,22.0,68,40,6.7,MU,1592618817
120,nalchiti,22.63,90.28,30.36,73,63,4.49,BD,1592618817
121,vardo,70.37,31.11,6.57,76,100,7.22,NO,1592618817
122,carnarvon,-24.87,113.63,19.0,55,0,3.1,AU,1592618818
123,chupa,66.27,33.05,8.42,70,5,2.33,RU,1592618818
124,jequitinhonha,-16.43,-41.0,19.91,88,19,1.21,BR,1592618818
125,clyde river,70.47,-68.59,1.0,73,1,6.2,CA,1592618818
126,margate,51.38,1.39,13.33,84,100,1.79,GB,1592618818
127,hasaki,35.73,140.83,28.33,61,75,1.5,JP,1592618818
128,naze,28.37,129.48,26.0,83,75,1.5,JP,1592618819
129,nang rong,14.64,102.79,29.44,88,100,2.6,TH,1592618819
130,fare,-16.7,-151.02,27.28,75,6,1.69,PF,1592618674
131,kapaa,22.08,-159.32,28.0,69,75,8.2,US,1592618819
132,dharchula,29.85,80.53,23.01,60,2,1.45,IN,1592618819
133,olinda,-8.01,-34.86,27.0,74,40,5.7,BR,1592618820
134,torbay,47.67,-52.73,6.67,100,90,3.1,CA,1592618820
135,andra,62.51,65.89,11.42,56,100,4.15,RU,1592618820
136,pisco,-13.7,-76.22,17.22,88,0,5.1,PE,1592618658
137,thompson,55.74,-97.86,9.0,87,90,3.1,CA,1592618820
138,conde,-7.26,-34.91,24.0,94,27,2.1,BR,1592618821
139,caxito,-8.58,13.66,24.0,88,75,1.5,AO,1592618821
140,brooks,50.58,-111.89,20.0,43,30,3.06,CA,1592618821
141,dikson,73.51,80.55,2.43,83,0,1.28,RU,1592618821
142,varkaus,62.32,27.87,14.44,87,20,3.1,FI,1592618822
143,kandrian,-6.22,149.55,27.94,82,58,3.73,PG,1592618822
144,atuona,-9.8,-139.03,26.87,75,75,5.95,PF,1592618822
145,homer,59.64,-151.55,14.0,54,40,4.1,US,1592618822
146,green river,41.53,-109.47,20.0,19,1,4.6,US,1592618823
147,cauquenes,-35.97,-72.32,9.13,90,98,1.98,CL,1592618823
148,hermanus,-34.42,19.23,11.67,96,60,3.33,ZA,1592618823
149,dongsheng,39.82,109.98,25.12,37,1,6.53,CN,1592618824
150,egvekinot,66.32,-179.17,16.38,33,0,1.62,RU,1592618824
151,lethem,3.38,-59.8,24.57,87,75,2.71,GY,1592618824
152,dakoro,14.51,6.76,29.77,51,0,7.11,NE,1592618825
153,nelson bay,-32.72,152.15,18.33,77,9,3.6,AU,1592618825
154,zharkovskiy,55.85,32.27,17.62,94,93,0.55,RU,1592618825
155,san patricio,19.22,-104.7,29.0,74,5,4.1,MX,1592618825
156,hervey bay,-25.3,152.85,20.0,83,65,3.13,AU,1592618826
157,lata,40.16,-8.33,15.56,85,0,1.23,PT,1592618826
158,sorland,67.67,12.69,11.23,70,8,7.65,NO,1592618826
159,souillac,-20.52,57.52,22.0,68,40,6.7,MU,1592618826
160,vilyuysk,63.76,121.62,26.53,37,0,3.05,RU,1592618826
161,komsomolskiy,40.43,71.72,22.0,33,0,4.1,UZ,1592618827
162,tarecuato,19.85,-102.48,18.54,85,94,1.84,MX,1592618827
163,cahul,45.91,28.19,18.66,81,95,2.57,MD,1592618827
164,charters towers,-20.1,146.27,22.13,62,66,5.52,AU,1592618827
165,wynyard,-41.0,145.72,10.56,91,100,2.24,AU,1592618827
166,codrington,-38.27,141.97,13.99,66,30,6.19,AU,1592618828
167,walvis bay,-22.96,14.51,21.0,22,0,2.1,NA,1592618828
168,saint anthony,45.02,-93.22,23.33,49,1,2.6,US,1592618828
169,ponta do sol,32.67,-17.1,21.0,68,75,5.7,PT,1592618829
170,esperance,-33.87,121.9,10.0,93,90,2.6,AU,1592618829
171,zhengjiatun,43.51,123.51,30.3,40,11,6.69,CN,1592618829
172,huarmey,-10.07,-78.15,17.08,86,55,3.9,PE,1592618829
173,pionerskiy,54.95,20.23,17.0,93,76,2.84,RU,1592618830
174,victoria,22.29,114.16,32.78,66,22,4.92,HK,1592618830
175,tual,-5.67,132.75,26.98,78,99,9.37,ID,1592618830
176,apodi,-5.66,-37.8,23.15,90,10,3.05,BR,1592618830
177,east london,-33.02,27.91,19.57,31,0,4.86,ZA,1592618830
178,pemba,-12.97,40.52,21.0,88,20,3.6,MZ,1592618831
179,lagoa,39.05,-27.98,18.15,88,78,10.2,PT,1592618831
180,pocoes,-14.53,-40.37,17.16,98,43,2.11,BR,1592618831
181,sao jose da tapera,-9.56,-37.38,20.39,97,29,2.28,BR,1592618832
182,leningradskiy,69.38,178.42,8.97,56,0,2.74,RU,1592618832
183,saint-pierre,-21.34,55.48,21.0,64,20,6.2,RE,1592618832
184,mackay,-21.15,149.2,22.22,78,75,6.7,AU,1592618832
185,weiser,44.25,-116.97,28.0,24,1,2.6,US,1592618832
186,ostrovnoy,68.05,39.51,6.27,85,100,9.83,RU,1592618833
187,hilo,19.73,-155.09,28.0,58,90,4.1,US,1592618804
188,cockburn town,21.46,-71.14,28.06,81,0,9.06,TC,1592618833
189,kudahuvadhoo,2.67,72.89,28.68,76,25,4.22,MV,1592618833
190,saint-leu,-21.15,55.28,21.0,64,20,6.2,RE,1592618833
191,fairbanks,64.84,-147.72,15.0,87,75,4.1,US,1592618834
192,beboto,8.27,16.94,22.4,90,100,2.1,TD,1592618834
193,sisimiut,66.94,-53.67,3.97,80,96,3.18,GL,1592618834
194,qaqortoq,60.72,-46.03,6.0,70,100,4.1,GL,1592618594
195,sambava,-14.27,50.17,22.36,95,100,6.12,MG,1592618834
196,bethel,41.37,-73.41,22.0,68,20,2.1,US,1592618774
197,faanui,-16.48,-151.75,26.88,74,2,0.78,PF,1592618835
198,great bend,38.36,-98.76,21.0,83,90,4.6,US,1592618835
199,krasnoselkup,65.7,82.47,7.45,84,98,6.07,RU,1592618835
200,bergerac,44.83,0.5,14.44,100,6,1.0,FR,1592618836
201,kaitangata,-46.28,169.85,10.0,73,52,2.24,NZ,1592618836
202,fortuna,40.6,-124.16,13.89,93,90,4.1,US,1592618836
203,jiazi,22.88,116.07,30.09,74,0,5.61,CN,1592618836
204,svarstad,59.4,9.97,16.67,1,70,1.64,NO,1592618836
205,sao joao da barra,-21.64,-41.05,22.09,90,73,5.04,BR,1592618836
206,sawtell,-30.38,153.1,20.0,52,95,1.5,AU,1592618837
207,zeya,53.75,127.27,13.93,85,100,2.12,RU,1592618837
208,bonavista,48.65,-53.11,6.74,94,100,3.63,CA,1592618837
209,te anau,-45.42,167.72,8.29,71,3,0.33,NZ,1592618837
210,okha,53.57,142.95,7.74,89,100,2.63,RU,1592618837
211,bilma,18.69,12.92,28.51,16,58,1.53,NE,1592618838
212,geraldton,-28.77,114.6,14.0,54,0,7.7,AU,1592618838
213,ellisras,-23.66,27.74,8.02,80,0,1.61,ZA,1592618838
214,mount isa,-20.73,139.5,26.0,34,0,3.6,AU,1592618838
215,porto belo,-27.16,-48.55,22.78,93,46,2.4,BR,1592618839
216,saint-philippe,-21.36,55.77,21.0,64,20,6.2,RE,1592618839
217,zhigansk,66.77,123.37,24.48,33,20,3.66,RU,1592618839
218,finote selam,10.7,37.27,15.53,86,99,0.4,ET,1592618840
219,nouadhibou,20.93,-17.03,22.0,73,0,9.3,MR,1592618840
220,yar-sale,66.83,70.83,9.36,56,49,6.24,RU,1592618840
221,olafsvik,64.89,-23.71,9.52,76,100,6.43,IS,1592618840
222,kruisfontein,-34.0,24.73,16.12,32,0,6.72,ZA,1592618841
223,saint-francois,46.42,3.91,11.0,87,85,1.0,FR,1592618841
224,robertsganj,24.7,83.07,26.14,85,100,1.85,IN,1592618841
225,maun,-19.98,23.42,10.0,71,62,3.6,BW,1592618841
226,aksarka,66.56,67.8,11.41,50,100,5.56,RU,1592618841
227,kadoma,34.73,135.58,25.0,64,75,5.1,JP,1592618842
228,carmarthen,51.86,-4.31,14.0,87,58,7.2,GB,1592618842
229,nueve de julio,-35.44,-60.88,10.0,91,0,0.45,AR,1592618842
230,emerald,-23.53,148.17,21.11,56,40,4.1,AU,1592618842
231,valparaiso,-33.04,-71.63,13.0,100,90,1.5,CL,1592618648
232,deputatskiy,69.3,139.9,27.81,23,0,3.62,RU,1592618842
233,bambanglipuro,-7.95,110.28,28.24,73,35,5.57,ID,1592618600
234,padang,-0.95,100.35,29.06,62,99,1.82,ID,1592618601
235,temir,49.14,57.13,17.06,40,0,5.54,KZ,1592618843
236,port hedland,-20.32,118.57,26.0,29,0,11.3,AU,1592618844
237,inta,66.03,60.17,5.2,89,100,6.88,RU,1592618844
238,chicama,-7.84,-79.15,17.95,82,49,3.2,PE,1592618844
239,ulladulla,-35.35,150.47,19.44,52,1,1.5,AU,1592618844
240,baoqing,46.33,132.21,18.6,66,98,1.81,CN,1592618844
241,severo-kurilsk,50.68,156.12,5.73,91,100,8.32,RU,1592618845
242,yulara,-25.24,130.99,16.0,31,0,5.1,AU,1592618845
243,cananea,30.95,-110.3,30.0,8,0,1.79,MX,1592618818
244,fomboni,-12.28,43.74,25.11,77,82,9.19,KM,1592618845
245,powell river,49.85,-124.54,18.0,88,90,1.5,CA,1592618768
246,vao,-22.67,167.48,20.54,82,38,9.71,NC,1592618765
247,lorengau,-2.02,147.27,29.69,71,88,2.52,PG,1592618846
248,chunoyar,57.45,97.32,19.57,63,25,2.55,RU,1592618644
249,pacifica,37.61,-122.49,18.0,68,40,9.8,US,1592618662
250,alofi,-19.06,-169.92,26.0,61,20,6.7,NU,1592618846
251,maragogi,-9.01,-35.22,24.56,84,12,5.68,BR,1592618846
252,manggar,-2.88,108.27,26.55,86,100,6.41,ID,1592618847
253,north bend,43.41,-124.22,20.56,82,1,4.1,US,1592618847
254,redlands,34.06,-117.18,25.56,57,50,1.34,US,1592618847
255,necochea,-38.55,-58.74,8.33,85,0,0.89,AR,1592618847
256,shubarshi,48.59,57.19,18.17,37,0,6.06,KZ,1592618847
257,port macquarie,-31.43,152.92,17.78,73,69,2.3,AU,1592618574
258,sobolevo,54.43,31.9,16.45,83,67,1.18,RU,1592618848
259,arlit,18.74,7.39,33.54,13,0,4.5,NE,1592618848
260,narsaq,60.92,-46.05,6.0,70,98,4.1,GL,1592618848
261,correntina,-13.34,-44.64,20.02,73,0,1.83,BR,1592618848
262,shu,43.6,73.76,23.89,66,0,4.77,KZ,1592618849
263,puerto ayora,-0.74,-90.35,21.11,94,60,1.34,EC,1592618849
264,lalibela,12.03,39.03,13.65,75,0,0.24,ET,1592618849
265,bandarbeyla,9.49,50.81,28.83,55,100,10.66,SO,1592618849
266,arandis,-22.42,14.97,17.78,54,0,7.23,NA,1592618849
267,pangody,65.85,74.49,8.03,56,0,1.29,RU,1592618849
268,port hardy,50.7,-127.42,18.0,82,90,2.6,CA,1592618850
269,sinnamary,5.38,-52.95,25.84,86,25,3.7,GF,1592618850
270,pacific grove,36.62,-121.92,20.0,68,1,5.7,US,1592618850
271,high level,58.52,-117.14,26.0,36,20,5.7,CA,1592618851
272,la huacana,18.97,-101.82,16.67,88,55,0.89,MX,1592618851
273,marawi,8.0,124.29,28.89,75,22,1.34,PH,1592618851
274,pangai,-19.8,-174.35,27.0,57,20,7.7,TO,1592618851
275,lebu,-37.62,-73.65,11.3,87,100,6.52,CL,1592618851
276,namibe,-15.2,12.15,21.43,56,0,1.41,AO,1592618852
277,gibsons,49.4,-123.5,21.67,78,100,1.18,CA,1592618852
278,rosetta,31.4,30.42,23.0,83,20,4.1,EG,1592618852
279,ambulu,-8.35,113.61,27.15,74,82,0.87,ID,1592618852
280,hay river,60.82,-115.8,29.0,32,20,7.2,CA,1592618832
281,tilichiki,60.47,166.1,15.19,69,6,3.72,RU,1592618853
282,tuxpan,19.55,-103.4,21.56,82,65,1.38,MX,1592618853
283,filingue,14.35,3.32,32.0,46,95,8.31,NE,1592618853
284,prince rupert,54.32,-130.32,15.0,87,90,6.2,CA,1592618199
285,airai,-8.93,125.41,20.17,82,96,2.66,TL,1592618854
286,arman,59.7,150.17,11.56,77,85,3.28,RU,1592618854
287,nikolskoye,59.7,30.79,17.0,72,20,7.0,RU,1592618854
288,pucallpa,-8.38,-74.55,25.4,65,9,0.55,PE,1592618854
289,kavaratti,10.57,72.64,29.03,75,99,6.55,IN,1592618854
290,aljezur,37.32,-8.8,17.78,68,0,5.19,PT,1592618855
291,vostok,46.49,135.88,15.78,63,99,1.24,RU,1592618855
292,tazovskiy,67.47,78.7,7.74,60,73,3.74,RU,1592618855
293,savannah,32.08,-81.1,24.44,83,1,1.25,US,1592618788
294,raahe,64.68,24.48,12.0,66,0,3.6,FI,1592618855
295,juba,4.85,31.58,20.54,92,56,1.01,SS,1592618856
296,jardim,-21.48,-56.14,21.25,70,0,1.84,BR,1592618856
297,mahibadhoo,3.78,72.97,28.76,76,52,4.37,MV,1592618856
298,abu kamal,34.45,40.92,22.24,61,0,4.19,SY,1592618857
299,yeniseysk,58.45,92.17,13.63,66,47,2.86,RU,1592618857
300,lagdo,9.05,13.73,22.97,93,99,2.13,CM,1592618825
301,cehegin,38.09,-1.8,20.56,86,0,0.45,ES,1592618857
302,amapa,1.0,-52.0,21.94,98,8,0.71,BR,1592618858
303,liancheng,24.05,105.08,25.24,74,64,2.85,CN,1592618858
304,santa lucia,27.91,-15.54,22.0,73,75,9.3,ES,1592618858
305,santa isabel,-23.32,-46.22,16.0,82,0,1.5,BR,1592618858
306,karratha,-20.74,116.85,25.54,29,0,8.96,AU,1592618790
307,poum,-20.23,164.02,22.91,76,7,4.67,NC,1592618859
308,rapid valley,44.06,-103.15,18.0,55,1,7.7,US,1592618859
309,ahipara,-35.17,173.17,14.5,83,100,5.24,NZ,1592618859
310,merauke,-8.47,140.33,27.88,74,24,6.73,ID,1592618859
311,dukat,62.55,155.55,16.74,53,85,5.16,RU,1592618859
312,dutse,11.76,9.34,25.75,69,2,6.61,NG,1592618859
313,beringovskiy,63.05,179.32,10.32,49,100,1.47,RU,1592618860
314,dalvik,65.97,-18.53,8.0,87,90,3.6,IS,1592618860
315,nemuro,43.32,145.57,12.0,100,75,4.6,JP,1592618860
316,altamira,-3.2,-52.21,25.49,67,100,0.91,BR,1592618835
317,totness,5.88,-56.32,25.69,87,14,4.26,SR,1592618861
318,igarka,67.47,86.58,12.71,69,76,4.75,RU,1592618861
319,kendari,-3.94,122.5,26.7,88,100,1.76,ID,1592618861
320,gizo,-8.1,156.84,29.11,70,57,0.99,SB,1592618861
321,bosaso,11.28,49.18,32.01,47,99,2.45,SO,1592618862
322,ilulissat,69.22,-51.1,11.0,37,0,7.7,GL,1592618765
323,vanimo,-2.67,141.3,29.62,71,42,1.43,PG,1592618862
324,richards bay,-28.78,32.04,15.21,84,0,2.85,ZA,1592618862
325,kalanguy,51.02,116.52,21.43,43,100,2.96,RU,1592618862
326,pangnirtung,66.15,-65.71,4.59,71,3,1.25,CA,1592618862
327,nuevitas,21.55,-77.26,27.0,94,46,2.6,CU,1592618863
328,takoradi,4.88,-1.76,24.49,85,14,3.14,GH,1592618863
329,miranda,3.25,-76.23,21.0,83,75,2.6,CO,1592618748
330,benjamin constant,-4.38,-70.03,24.0,100,90,1.12,BR,1592618863
331,tar,47.95,19.75,16.67,82,90,5.7,HU,1592618863
332,itaituba,-4.28,-55.98,29.0,70,40,2.1,BR,1592618863
333,taoudenni,22.68,-3.98,35.01,18,36,1.61,ML,1592618864
334,tezu,27.92,96.17,26.42,75,96,0.47,IN,1592618864
335,vila franca do campo,37.72,-25.43,18.0,88,75,5.7,PT,1592618864
336,san joaquin,10.26,-67.79,22.94,86,100,1.38,VE,1592618864
337,chabahar,25.29,60.64,29.41,79,0,3.01,IR,1592618864
338,berlevag,70.86,29.09,6.29,80,100,7.45,NO,1592618865
339,gainesville,29.65,-82.32,23.89,100,75,3.6,US,1592618575
340,kihei,20.79,-156.47,29.0,54,40,6.7,US,1592618865
341,iskilip,40.74,34.47,13.74,78,12,1.46,TR,1592618865
342,seymchan,62.88,152.43,25.81,32,66,3.88,RU,1592618865
343,luderitz,-26.65,15.16,18.0,34,0,0.5,NA,1592618865
344,moose factory,51.26,-80.61,17.0,88,75,2.1,CA,1592618866
345,bahia blanca,-38.72,-62.27,11.63,44,0,5.42,AR,1592618866
346,koumac,-20.57,164.28,24.01,70,35,7.44,NC,1592618866
347,roma,43.21,-75.46,27.0,51,75,3.1,US,1592618866
348,douglas,41.3,-96.17,22.22,68,40,2.1,US,1592618866
349,saint george,37.1,-113.58,34.0,7,1,2.1,US,1592618867
350,lagos,6.58,3.75,25.0,94,20,2.4,NG,1592618610
351,kotma,23.2,81.97,25.61,76,100,6.37,IN,1592618867
352,kodinsk,58.69,99.18,15.19,79,100,2.02,RU,1592618867
353,izhma,65.01,53.91,5.79,67,99,6.19,RU,1592618867
354,oktyabrskoye,43.06,44.74,18.0,93,100,3.0,RU,1592618867
355,pergamino,-33.89,-60.57,10.96,87,21,1.95,AR,1592618867
356,quelimane,-17.88,36.89,16.91,96,36,2.73,MZ,1592618868
357,denpasar,-8.65,115.22,29.0,83,20,8.2,ID,1592618799
358,christchurch,-43.53,172.63,11.11,81,43,6.2,NZ,1592618868
359,klaksvik,62.23,-6.59,10.0,100,100,9.8,FO,1592618765
360,hun,29.13,15.95,28.47,16,0,3.41,LY,1592618868
361,temuco,-38.73,-72.6,8.0,93,100,3.6,CL,1592618756
362,manturovo,58.34,44.76,15.14,96,90,4.17,RU,1592618869
363,tabou,4.42,-7.35,25.49,74,100,1.83,CI,1592618869
364,mogadishu,2.04,45.34,25.22,84,82,7.77,SO,1592618709
365,iracoubo,5.48,-53.2,25.92,87,20,3.54,GF,1592618869
366,whitefish,48.41,-114.34,16.67,82,75,4.1,US,1592618870
367,honningsvag,70.98,25.97,6.41,81,64,7.09,NO,1592618870
368,umba,66.69,34.34,7.59,73,54,1.48,RU,1592618870
369,kiunga,-6.12,141.29,27.88,75,91,1.96,PG,1592618871
370,ixtapa,20.7,-105.2,28.0,69,5,4.6,MX,1592618871
371,nome,64.5,-165.41,21.67,68,75,3.1,US,1592618724
372,kandalaksha,67.16,32.41,7.95,71,54,2.32,RU,1592618871
373,vaitape,-16.52,-151.75,27.34,72,0,0.87,PF,1592618872
374,hambantota,6.12,81.12,26.0,94,40,2.6,LK,1592618872
375,mangochi,-14.48,35.26,16.4,83,100,3.58,MW,1592618872
376,abnub,27.27,31.15,24.0,38,0,4.1,EG,1592618872
377,sampit,-2.53,112.95,29.84,68,53,0.75,ID,1592618872
378,kaeo,-35.1,173.78,13.33,3,99,4.47,NZ,1592618873
379,sterling,39.01,-77.43,22.22,88,75,3.6,US,1592618624
380,noumea,-22.28,166.46,22.0,73,75,7.2,NC,1592618575
381,divnogorsk,55.96,92.36,12.0,93,75,2.0,RU,1592618873
382,krasnyy chikoy,50.36,108.75,19.6,49,98,1.32,RU,1592618874
383,mnogovershinnyy,53.94,139.92,11.2,75,97,1.28,RU,1592618874
384,blagoyevo,63.37,47.92,6.04,65,100,5.55,RU,1592618874
385,bowen,-20.02,148.23,23.0,64,90,7.7,AU,1592618852
386,sanary-sur-mer,43.12,5.8,18.33,81,18,0.45,FR,1592618875
387,balkhash,46.84,74.98,14.0,41,0,9.0,KZ,1592618875
388,mahenge,-8.68,36.72,15.36,73,2,1.57,TZ,1592618875
389,canto do buriti,-8.11,-42.94,22.75,55,0,2.17,BR,1592618875
390,cerro de pasco,-10.68,-76.27,-0.33,98,2,0.6,PE,1592618876
391,aktash,50.3,87.73,11.58,47,0,1.67,RU,1592618876
392,kimamba,-6.78,37.13,17.11,82,1,0.78,TZ,1592618876
393,bilibino,68.05,166.44,26.93,26,93,1.51,RU,1592618876
394,cartagena,10.4,-75.51,27.64,83,40,5.53,CO,1592618615
395,healesville,-37.65,145.52,15.0,72,48,1.34,AU,1592618877
396,solomenskoye,44.22,44.35,17.79,73,100,2.17,RU,1592618877
397,fukue,32.69,128.84,22.0,78,75,7.2,JP,1592618877
398,berbera,10.44,45.01,31.84,48,93,7.43,SO,1592618877
399,khuzhir,53.19,107.34,11.06,67,90,3.77,RU,1592618877
400,kostroma,57.77,40.93,16.0,100,40,2.0,RU,1592618878
401,sur,22.57,59.53,30.11,64,39,3.93,OM,1592618878
402,san andres,12.58,-81.7,29.0,79,40,5.7,CO,1592618721
403,jeremie,18.65,-74.12,27.08,77,6,1.4,HT,1592618878
404,bogalusa,30.79,-89.85,27.0,69,1,1.5,US,1592618878
405,kitzingen,49.73,10.17,15.0,85,100,2.87,DE,1592618879
406,ewo,-0.87,14.82,23.12,82,3,1.91,CG,1592618879
407,broome,42.25,-75.83,21.0,77,40,1.3,US,1592618879
408,talcahuano,-36.72,-73.12,12.0,100,75,2.1,CL,1592618717
409,onokhoy,51.93,108.07,18.0,63,40,1.0,RU,1592618879
410,muzambinho,-21.38,-46.53,13.22,93,0,1.26,BR,1592618879
411,erenhot,43.65,111.98,32.47,17,49,7.31,CN,1592618880
412,flinders,-34.58,150.86,19.44,66,12,6.26,AU,1592618880
413,navirai,-23.07,-54.19,20.42,71,5,3.7,BR,1592618880
414,madimba,-10.4,40.33,21.0,88,20,6.2,TZ,1592618880
415,neuquen,-38.95,-68.06,7.0,75,100,6.3,AR,1592618880
416,korla,41.76,86.15,25.56,60,0,4.85,CN,1592618881
417,peniche,39.36,-9.38,16.67,88,0,1.34,PT,1592618881
418,antofagasta,-23.65,-70.4,15.0,82,90,4.1,CL,1592618692
419,grand gaube,-20.01,57.66,21.67,76,75,4.47,MU,1592618881
420,cayenne,4.93,-52.33,26.0,100,8,3.17,GF,1592618854
421,jining,35.41,116.58,28.06,49,100,4.38,CN,1592618882
422,quesnel,53.0,-122.5,20.0,77,90,2.6,CA,1592618882
423,ondjiva,-17.07,15.73,9.35,54,43,3.16,AO,1592618882
424,vestmanna,62.16,-7.17,10.0,100,100,9.8,FO,1592618882
425,pau brasil,-15.46,-39.65,19.72,97,41,0.95,BR,1592618882
426,fort-shevchenko,44.51,50.26,28.37,33,68,8.59,KZ,1592618883
427,bardiyah,31.76,25.09,21.5,71,0,5.56,LY,1592618883
428,san quintin,30.48,-115.95,18.35,74,0,5.53,MX,1592618883
429,fort nelson,58.81,-122.7,29.0,30,75,1.5,CA,1592618883
430,labuhan,-6.88,112.21,27.49,72,94,3.38,ID,1592618883
431,the valley,18.22,-63.06,28.33,74,20,6.7,AI,1592618884
432,vengerovo,55.68,76.75,8.06,71,19,3.55,RU,1592618884
433,altagracia de orituco,9.86,-66.38,22.14,94,99,1.91,VE,1592618884
434,herat,34.5,62.0,21.0,21,0,3.1,AF,1592618884
435,alvarado,18.77,-95.77,28.33,83,75,1.5,MX,1592618884
436,sao miguel do araguaia,-13.28,-50.16,21.03,60,92,0.94,BR,1592618885
437,oranjemund,-28.55,16.43,15.48,56,0,1.28,NA,1592618885
438,sao joao da ponte,-15.93,-44.01,18.42,89,71,2.15,BR,1592618885
439,bonanza,14.03,-84.59,22.72,97,3,0.53,NI,1592618885
440,malavalli,12.38,77.08,24.21,72,86,4.6,IN,1592618885
441,saldanha,-33.01,17.94,14.0,82,99,0.5,ZA,1592618885
442,kozhva,65.11,57.05,5.97,79,25,5.14,RU,1592618886
443,vila velha,-20.33,-40.29,22.0,94,75,1.0,BR,1592618849
444,puerto cabezas,14.04,-83.39,26.32,88,47,4.41,NI,1592618886
445,manga,11.66,-1.07,25.82,71,80,1.97,BF,1592618886
446,port lincoln,-34.73,135.87,13.32,60,41,10.49,AU,1592618886
447,cervo,43.67,-7.41,15.56,83,36,1.34,ES,1592618886
448,sao filipe,14.9,-24.5,24.79,79,0,3.5,CV,1592618887
449,sembakung,3.82,117.25,30.34,65,100,1.15,ID,1592618887
450,sarangani,5.4,125.46,29.41,70,89,7.03,PH,1592618887
451,nioro,13.35,-15.75,27.99,74,60,3.29,GM,1592618887
452,juneau,58.3,-134.42,15.0,87,90,2.6,US,1592618887
453,camacha,33.08,-16.33,20.0,77,20,3.6,PT,1592618887
454,catuday,16.29,119.81,28.85,70,81,1.03,PH,1592618887
455,marshfield,44.67,-90.17,22.0,78,75,1.5,US,1592618589
456,ribera,37.5,13.26,20.0,62,20,3.58,IT,1592618888
457,lodja,-3.48,23.43,20.46,61,11,0.1,CD,1592618888
458,kenai,60.55,-151.26,12.0,71,20,5.7,US,1592618888
459,itoman,26.12,127.67,31.0,84,75,6.2,JP,1592618888
460,aleksandrov gay,50.15,48.57,18.75,63,0,3.54,RU,1592618888
461,kununurra,-15.77,128.73,29.0,31,0,4.6,AU,1592618889
462,buluang,13.31,123.34,31.5,58,40,2.18,PH,1592618889
463,nuevo progreso,23.17,-97.95,27.78,65,70,3.47,MX,1592618889
464,winnemucca,40.97,-117.74,24.01,20,32,1.46,US,1592618889
465,darhan,49.49,105.92,20.21,57,96,4.82,MN,1592618889
466,killybegs,54.63,-8.45,9.44,89,80,0.89,IE,1592618890
467,sao felix do xingu,-6.64,-51.99,21.34,84,0,1.06,BR,1592618890
468,sorong,-0.88,131.25,29.04,69,21,1.75,ID,1592618890
469,macas,-2.32,-78.12,19.08,81,42,0.66,EC,1592618890
470,saint-augustin,51.23,-58.65,7.33,93,100,3.68,CA,1592618890
471,inhambane,-23.86,35.38,17.98,86,4,3.17,MZ,1592618890
472,atar,20.52,-13.05,34.9,21,52,4.41,MR,1592618891
473,gat,31.61,34.76,22.0,83,20,4.1,IL,1592618891
474,linjiang,41.81,126.91,27.42,47,7,2.68,CN,1592618891
475,paita,-5.09,-81.11,18.56,83,0,6.56,PE,1592618891
476,pouebo,-20.4,164.57,24.07,67,38,4.18,NC,1592618891
477,ximei,24.96,118.38,33.0,66,20,3.0,CN,1592618891
478,bentiu,9.23,29.83,22.95,83,63,2.51,SS,1592618892
479,alyangula,-13.85,136.42,29.0,54,0,6.2,AU,1592618892
480,eucaliptus,-17.58,-67.52,6.02,51,0,0.83,BO,1592618892
481,osypenko,46.91,36.83,24.44,100,49,5.81,UA,1592618892
482,guerande,47.33,-2.43,15.0,87,75,2.1,FR,1592618892
483,mweka,-4.85,21.57,18.49,55,2,0.89,CD,1592618893
484,cabildo,-38.48,-61.9,11.11,53,11,0.45,AR,1592618893
485,salinas,36.68,-121.66,20.0,72,90,7.7,US,1592618893
486,auki,-8.77,160.7,28.78,76,100,1.85,SB,1592618893
487,coahuayana,18.73,-103.68,26.26,74,25,0.91,MX,1592618893
488,agadez,19.75,10.25,29.37,14,0,3.89,NE,1592618894
489,anuradhapura,8.36,80.42,27.98,73,33,4.68,LK,1592618894
490,samarai,-10.62,150.67,26.45,85,73,5.5,PG,1592618894
491,lakes entrance,-37.88,147.98,12.78,84,100,0.89,AU,1592618894
492,balsas,-7.53,-46.04,23.81,67,0,1.69,BR,1592618645
493,stornoway,58.21,-6.39,12.78,93,52,2.1,GB,1592618894
494,ucluelet,48.93,-125.55,16.67,100,90,2.1,CA,1592618780
495,yankton,42.87,-97.4,23.33,68,1,3.1,US,1592618895
496,axim,4.87,-2.24,24.38,86,38,2.85,GH,1592618895
497,cotonou,6.37,2.42,25.6,86,84,4.56,BJ,1592618895
498,namatanai,-3.67,152.43,29.71,68,24,0.96,PG,1592618895
499,hurricane,37.18,-113.29,34.0,7,1,2.1,US,1592618896
500,raton,36.9,-104.44,18.0,63,40,7.2,US,1592618807
501,pilar,-9.6,-35.96,23.0,88,40,1.0,BR,1592618896
502,kaduqli,11.02,29.72,25.43,69,4,1.67,SD,1592618896
503,anloga,5.79,0.9,25.48,86,67,4.76,GH,1592618896
504,flin flon,54.77,-101.86,5.49,97,100,1.72,CA,1592618897
505,semirom,31.42,51.57,15.29,33,0,1.63,IR,1592618897
506,caninde,-4.36,-39.31,21.82,94,0,1.36,BR,1592618897
507,hamilton,39.18,-84.53,26.11,73,1,0.39,US,1592618777
508,nhulunbuy,-12.23,136.77,26.68,74,53,7.46,AU,1592618897
509,ingham,42.6,-84.38,28.0,69,75,1.69,US,1592618897
510,ayagoz,47.97,80.44,10.53,81,100,8.45,KZ,1592618897
511,taikang,46.83,124.42,19.82,72,96,5.51,CN,1592618898
512,kahului,20.89,-156.47,29.0,54,40,6.7,US,1592618898
513,omsukchan,62.53,155.8,17.5,55,91,3.29,RU,1592618898
514,pevek,69.7,170.31,6.07,69,5,5.07,RU,1592618898
515,mount gambier,-37.83,140.77,10.0,87,90,6.7,AU,1592618835
516,pelym,61.01,62.0,10.69,89,100,3.85,RU,1592618899
517,azul,-36.78,-59.86,8.89,83,4,3.16,AR,1592618899
518,mairana,-18.12,-63.93,14.15,100,84,1.4,BO,1592618899
519,anage,-14.61,-41.14,20.71,82,16,2.2,BR,1592618899
520,celestun,20.87,-90.4,28.32,77,45,6.23,MX,1592618899
521,kailua,21.4,-157.74,29.0,51,75,7.7,US,1592618900
522,ossora,59.24,163.07,14.2,65,0,3.31,RU,1592618900
523,xai-xai,-25.05,33.64,17.14,86,0,2.34,MZ,1592618900
524,petropavlovka,50.61,105.32,20.34,55,98,0.71,RU,1592618900
525,barra dos coqueiros,-10.91,-37.04,26.0,78,20,3.6,BR,1592618901
526,poronaysk,49.22,143.12,11.61,75,100,4.75,RU,1592618901
527,slantsy,59.12,28.09,14.67,95,100,3.52,RU,1592618901
528,nguruka,-5.11,31.04,19.42,65,67,1.87,TZ,1592618901
529,iralaya,15.0,-83.23,27.38,84,8,5.81,HN,1592618901
530,ahuimanu,21.44,-157.84,29.0,51,75,7.7,US,1592618901
531,mount pleasant,32.79,-79.86,23.33,100,20,2.87,US,1592618901
532,azuaga,38.27,-5.68,17.22,46,0,3.13,ES,1592618902
533,makakilo city,21.35,-158.09,29.0,54,75,4.6,US,1592618723
534,moron,-34.65,-58.62,13.33,97,0,1.11,AR,1592618821
535,ekhabi,53.51,142.97,8.45,87,100,2.61,RU,1592618902
536,lucea,18.45,-78.17,29.0,74,20,3.6,JM,1592618902
537,faya,18.39,42.45,21.0,49,86,1.47,SA,1592618903
538,yaring,6.87,101.37,28.0,78,40,2.6,TH,1592618903
539,tucurui,-3.77,-49.67,24.98,77,83,1.8,BR,1592618903
